<?xml version="1.0" encoding="UTF-8"?>
<project-private xmlns="http://www.netbeans.org/ns/project-private/1">
    <editor-bookmarks xmlns="http://www.netbeans.org/ns/editor-bookmarks/2" lastBookmarkId="0"/>
    <open-files xmlns="http://www.netbeans.org/ns/projectui-open-files/2">
        <group>
            <file>file:/Users/andreu/Desktop/DAW/Programacio/Interface/Aplicacio%20Banc/src/Menu.java</file>
            <file>file:/Users/andreu/Desktop/DAW/Programacio/Interface/Aplicacio%20Banc/src/CCompteBancari.java</file>
            <file>file:/Users/andreu/Desktop/DAW/Programacio/Interface/Aplicacio%20Banc/src/crearCompte.java</file>
            <file>file:/Users/andreu/Desktop/DAW/Programacio/Interface/Aplicacio%20Banc/src/CPersona.java</file>
            <file>file:/Users/andreu/Desktop/DAW/Programacio/Interface/Aplicacio%20Banc/src/modificarPin.java</file>
            <file>file:/Users/andreu/Desktop/DAW/Programacio/Interface/Aplicacio%20Banc/src/consultarSaldo.java</file>
            <file>file:/Users/andreu/Desktop/DAW/Programacio/Interface/Aplicacio%20Banc/src/ingressarSaldo.java</file>
            <file>file:/Users/andreu/Desktop/DAW/Programacio/Interface/Aplicacio%20Banc/src/eliminarCompte.java</file>
            <file>file:/Users/andreu/Desktop/DAW/Programacio/Interface/Aplicacio%20Banc/src/extreureSaldo.java</file>
            <file>file:/Users/andreu/Desktop/DAW/Programacio/Interface/Aplicacio%20Banc/src/modificarCompte.java</file>
        </group>
    </open-files>
</project-private>
